<?xml version="1.0" encoding="utf-8"?>
<ns2:financialActivityPlan2020>
	<header>
		<id>303984bf-f9f2-4277-a93c-5357b64e233c</id>
		<createDateTime>2020-11-06T04:01:05.243+03:00</createDateTime>
	</header>
	<ns2:body>
		<ns2:position>
			<positionId>1ab4681f-a6c9-4dd7-86d9-1132ac768353</positionId>
			<changeDate>2020-11-06T04:01:05.244+03:00</changeDate>
			<placer>
				<regNum></regNum>
				<fullName>МБОУ 'СОШ № 5'</fullName>
				<inn>3819005470</inn>
				<kpp>385101001</kpp>
			</placer>
			<initiator>
				<regNum></regNum>
				<fullName>МБОУ 'СОШ № 5'</fullName>
				<inn>3819005470</inn>
				<kpp>385101001</kpp>
			</initiator>
			<versionNumber>0</versionNumber>
			<financialYear>2020</financialYear>
			<planFirstYear>2021</planFirstYear>
			<planLastYear>2022</planLastYear>
			<generalData>
				<date>2020-11-06T04:01:05.244+03:00</date>
				<founderAuthority>
					<regNum>25304951</regNum>
					<fullName>отдел образования управления по социально-культурным вопросам администрации города Усолье-Сибирское</fullName>
					<inn>3819005092</inn>
					<kpp>385145003</kpp>
					<glavaCode>905</glavaCode>
				</founderAuthority>
				<okei>
					<code>383</code>
					<symbol>руб</symbol>
				</okei>
			</generalData>
			<planPaymentIndex>
				<name>Остаток средств на начало текущего финансового года 5</name>
				<manually>false</manually>
				<lineCode>0001</lineCode>
				<sum>
					<financialYearSum>8917383.75</financialYearSum>
					<planFirstYearSum>0</planFirstYearSum>
					<planLastYearSum>0</planLastYearSum>
					<autPlanYearSum>0</autPlanYearSum>
				</sum>
			</planPaymentIndex>
			<planPaymentIndex>
				<name>Остаток средств на конец текущего финансового года 5</name>
				<manually>false</manually>
				<lineCode>0002</lineCode>
				<sum>
					<financialYearSum>8917383.75</financialYearSum>
					<planFirstYearSum>0</planFirstYearSum>
					<planLastYearSum>0</planLastYearSum>
					<autPlanYearSum>0</autPlanYearSum>
				</sum>
			</planPaymentIndex>
			<planPaymentIndex>
				<name>Доходы всего</name>
				<manually>false</manually>
				<lineCode>1000</lineCode>
				<kbk></kbk>
				<sum>
					<financialYearSum>0</financialYearSum>
					<planFirstYearSum>0</planFirstYearSum>
					<planLastYearSum>0</planLastYearSum>
					<autPlanYearSum>0</autPlanYearSum>
				</sum>
			</planPaymentIndex>
			<planPaymentIndex>
				<name> в том числе доходы от собственности всего в том числе</name>
				<manually>false</manually>
				<lineCode>1100</lineCode>
				<kbk>120</kbk>
				<sum>
					<financialYearSum>0</financialYearSum>
					<planFirstYearSum>0</planFirstYearSum>
					<planLastYearSum>0</planLastYearSum>
					<autPlanYearSum>0</autPlanYearSum>
				</sum>
			</planPaymentIndex>
			<planPaymentIndex>
				<name> доходы от оказания услуг работ компенсации затрат учреждений всего</name>
				<manually>false</manually>
				<lineCode>1200</lineCode>
				<kbk>130</kbk>
				<sum>
					<financialYearSum>0</financialYearSum>
					<planFirstYearSum>0</planFirstYearSum>
					<planLastYearSum>0</planLastYearSum>
					<autPlanYearSum>0</autPlanYearSum>
				</sum>
			</planPaymentIndex>
			<planPaymentIndex>
				<name> в том числе субсидии на финансовое обеспечение выполнения государственного муниципального задания за счет средств бюджета публичноправового образования создавшего учреждение</name>
				<manually>false</manually>
				<lineCode>1210</lineCode>
				<kbk>130</kbk>
				<sum>
					<financialYearSum>0</financialYearSum>
					<planFirstYearSum>0</planFirstYearSum>
					<planLastYearSum>0</planLastYearSum>
					<autPlanYearSum>0</autPlanYearSum>
				</sum>
			</planPaymentIndex>
			<planPaymentIndex>
				<name> субсидии на финансовое обеспечение выполнения  государственного задания за счет средств бюджета  Федерального фонда обязательного медицинского  страхования</name>
				<manually>false</manually>
				<lineCode>1220</lineCode>
				<kbk>130</kbk>
				<sum>
					<financialYearSum>0</financialYearSum>
					<planFirstYearSum>0</planFirstYearSum>
					<planLastYearSum>0</planLastYearSum>
					<autPlanYearSum>0</autPlanYearSum>
				</sum>
			</planPaymentIndex>
			<planPaymentIndex>
				<name> доходы от штрафов пеней иных сумм принудительного изъятия всего в том числе</name>
				<manually>false</manually>
				<lineCode>1300</lineCode>
				<kbk>140</kbk>
				<sum>
					<financialYearSum>0</financialYearSum>
					<planFirstYearSum>0</planFirstYearSum>
					<planLastYearSum>0</planLastYearSum>
					<autPlanYearSum>0</autPlanYearSum>
				</sum>
			</planPaymentIndex>
			<planPaymentIndex>
				<name> безвозмездные денежные поступления всего в том числе</name>
				<manually>false</manually>
				<lineCode>1400</lineCode>
				<kbk>150</kbk>
				<sum>
					<financialYearSum>0</financialYearSum>
					<planFirstYearSum>0</planFirstYearSum>
					<planLastYearSum>0</planLastYearSum>
					<autPlanYearSum>0</autPlanYearSum>
				</sum>
			</planPaymentIndex>
			<planPaymentIndex>
				<name> прочие доходы всего</name>
				<manually>false</manually>
				<lineCode>1500</lineCode>
				<kbk>180</kbk>
				<sum>
					<financialYearSum>0</financialYearSum>
					<planFirstYearSum>0</planFirstYearSum>
					<planLastYearSum>0</planLastYearSum>
					<autPlanYearSum>0</autPlanYearSum>
				</sum>
			</planPaymentIndex>
			<planPaymentIndex>
				<name> в том числе целевые субсидии</name>
				<manually>false</manually>
				<lineCode>1510</lineCode>
				<kbk>180</kbk>
				<sum>
					<financialYearSum>0</financialYearSum>
					<planFirstYearSum>0</planFirstYearSum>
					<planLastYearSum>0</planLastYearSum>
					<autPlanYearSum>0</autPlanYearSum>
				</sum>
			</planPaymentIndex>
			<planPaymentIndex>
				<name> субсидии на осуществление капитальных вложений</name>
				<manually>false</manually>
				<lineCode>1520</lineCode>
				<kbk>180</kbk>
				<sum>
					<financialYearSum>0</financialYearSum>
					<planFirstYearSum>0</planFirstYearSum>
					<planLastYearSum>0</planLastYearSum>
					<autPlanYearSum>0</autPlanYearSum>
				</sum>
			</planPaymentIndex>
			<planPaymentIndex>
				<name> доходы от операций с активами всего  в том числе</name>
				<manually>false</manually>
				<lineCode>1900</lineCode>
				<kbk></kbk>
				<sum>
					<financialYearSum>0</financialYearSum>
					<planFirstYearSum>0</planFirstYearSum>
					<planLastYearSum>0</planLastYearSum>
					<autPlanYearSum>0</autPlanYearSum>
				</sum>
			</planPaymentIndex>
			<planPaymentIndex>
				<name> прочие поступления всего 6</name>
				<manually>false</manually>
				<lineCode>1980</lineCode>
				<sum>
					<financialYearSum>0</financialYearSum>
					<planFirstYearSum>0</planFirstYearSum>
					<planLastYearSum>0</planLastYearSum>
					<autPlanYearSum>0</autPlanYearSum>
				</sum>
			</planPaymentIndex>
			<planPaymentIndex>
				<name> из них увеличение остатков денежных средств за счет возврата  дебиторской задолженности прошлых лет</name>
				<manually>false</manually>
				<lineCode>1981</lineCode>
				<kbk>510</kbk>
				<sum>
					<financialYearSum>0</financialYearSum>
					<planFirstYearSum>0</planFirstYearSum>
					<planLastYearSum>0</planLastYearSum>
				</sum>
			</planPaymentIndex>
			<planPaymentIndex>
				<name>Расходы всего</name>
				<manually>false</manually>
				<lineCode>2000</lineCode>
				<sum>
					<financialYearSum>0</financialYearSum>
					<planFirstYearSum>0</planFirstYearSum>
					<planLastYearSum>0</planLastYearSum>
					<autPlanYearSum>0</autPlanYearSum>
				</sum>
			</planPaymentIndex>
			<planPaymentIndex>
				<name> в том числе на выплаты персоналу всего</name>
				<manually>false</manually>
				<lineCode>2100</lineCode>
				<sum>
					<financialYearSum>0</financialYearSum>
					<planFirstYearSum>0</planFirstYearSum>
					<planLastYearSum>0</planLastYearSum>
				</sum>
			</planPaymentIndex>
			<planPaymentIndex>
				<name> в том числе оплата труда</name>
				<manually>false</manually>
				<lineCode>2110</lineCode>
				<kbk>111</kbk>
				<sum>
					<financialYearSum>0</financialYearSum>
					<planFirstYearSum>0</planFirstYearSum>
					<planLastYearSum>0</planLastYearSum>
				</sum>
			</planPaymentIndex>
			<planPaymentIndex>
				<name> прочие выплаты персоналу в том числе компенсационного  характера</name>
				<manually>false</manually>
				<lineCode>2120</lineCode>
				<kbk>112</kbk>
				<sum>
					<financialYearSum>0</financialYearSum>
					<planFirstYearSum>0</planFirstYearSum>
					<planLastYearSum>0</planLastYearSum>
				</sum>
			</planPaymentIndex>
			<planPaymentIndex>
				<name> иные выплаты за исключением фонда оплаты труда учреждения для выполнения отдельных полномочий</name>
				<manually>false</manually>
				<lineCode>2130</lineCode>
				<kbk>113</kbk>
				<sum>
					<financialYearSum>0</financialYearSum>
					<planFirstYearSum>0</planFirstYearSum>
					<planLastYearSum>0</planLastYearSum>
				</sum>
			</planPaymentIndex>
			<planPaymentIndex>
				<name> взносы по обязательному социальному страхованию на выплаты по оплате труда работников и иные выплаты работникам учреждений всего</name>
				<manually>false</manually>
				<lineCode>2140</lineCode>
				<kbk>119</kbk>
				<sum>
					<financialYearSum>0</financialYearSum>
					<planFirstYearSum>0</planFirstYearSum>
					<planLastYearSum>0</planLastYearSum>
				</sum>
			</planPaymentIndex>
			<planPaymentIndex>
				<name> в том числе на выплаты по оплате труда</name>
				<manually>false</manually>
				<lineCode>2141</lineCode>
				<kbk>119</kbk>
				<sum>
					<financialYearSum>0</financialYearSum>
					<planFirstYearSum>0</planFirstYearSum>
					<planLastYearSum>0</planLastYearSum>
				</sum>
			</planPaymentIndex>
			<planPaymentIndex>
				<name> на иные выплаты работникам</name>
				<manually>false</manually>
				<lineCode>2142</lineCode>
				<kbk>119</kbk>
				<sum>
					<financialYearSum>0</financialYearSum>
					<planFirstYearSum>0</planFirstYearSum>
					<planLastYearSum>0</planLastYearSum>
				</sum>
			</planPaymentIndex>
			<planPaymentIndex>
				<name> денежное довольствие военнослужащих и сотрудников имеющих специальные звания</name>
				<manually>false</manually>
				<lineCode>2150</lineCode>
				<kbk>131</kbk>
				<sum>
					<financialYearSum>0</financialYearSum>
					<planFirstYearSum>0</planFirstYearSum>
					<planLastYearSum>0</planLastYearSum>
				</sum>
			</planPaymentIndex>
			<planPaymentIndex>
				<name> иные выплаты военнослужащим и сотрудникам имеющим специальные звания</name>
				<manually>false</manually>
				<lineCode>2160</lineCode>
				<kbk>134</kbk>
				<sum>
					<financialYearSum>0</financialYearSum>
					<planFirstYearSum>0</planFirstYearSum>
					<planLastYearSum>0</planLastYearSum>
				</sum>
			</planPaymentIndex>
			<planPaymentIndex>
				<name> страховые взносы на обязательное социальное страхование в части выплат персоналу подлежащих обложению страховыми взносами</name>
				<manually>false</manually>
				<lineCode>2170</lineCode>
				<kbk>139</kbk>
				<sum>
					<financialYearSum>0</financialYearSum>
					<planFirstYearSum>0</planFirstYearSum>
					<planLastYearSum>0</planLastYearSum>
				</sum>
			</planPaymentIndex>
			<planPaymentIndex>
				<name> в том числе на оплату труда стажеров</name>
				<manually>false</manually>
				<lineCode>2171</lineCode>
				<kbk>139</kbk>
				<sum>
					<financialYearSum>0</financialYearSum>
					<planFirstYearSum>0</planFirstYearSum>
					<planLastYearSum>0</planLastYearSum>
				</sum>
			</planPaymentIndex>
			<planPaymentIndex>
				<name> на иные выплаты гражданским лицам денежное содержание</name>
				<manually>false</manually>
				<lineCode>2172</lineCode>
				<kbk>139</kbk>
				<sum>
					<financialYearSum>0</financialYearSum>
					<planFirstYearSum>0</planFirstYearSum>
					<planLastYearSum>0</planLastYearSum>
				</sum>
			</planPaymentIndex>
			<planPaymentIndex>
				<name> социальные и иные выплаты населению всего</name>
				<manually>false</manually>
				<lineCode>2200</lineCode>
				<kbk>300</kbk>
				<sum>
					<financialYearSum>0</financialYearSum>
					<planFirstYearSum>0</planFirstYearSum>
					<planLastYearSum>0</planLastYearSum>
				</sum>
			</planPaymentIndex>
			<planPaymentIndex>
				<name> в том числе социальные выплаты гражданам кроме публичных нормативных социальных выплат</name>
				<manually>false</manually>
				<lineCode>2210</lineCode>
				<kbk>320</kbk>
				<sum>
					<financialYearSum>0</financialYearSum>
					<planFirstYearSum>0</planFirstYearSum>
					<planLastYearSum>0</planLastYearSum>
				</sum>
			</planPaymentIndex>
			<planPaymentIndex>
				<name> из них пособия компенсации и иные социальные выплаты гражданам кроме публичных нормативных обязательств</name>
				<manually>false</manually>
				<lineCode>2211</lineCode>
				<kbk>321</kbk>
				<sum>
					<financialYearSum>0</financialYearSum>
					<planFirstYearSum>0</planFirstYearSum>
					<planLastYearSum>0</planLastYearSum>
				</sum>
			</planPaymentIndex>
			<planPaymentIndex>
				<name> выплата стипендий осуществление иных расходов  на социальную поддержку обучающихся за счет средств стипендиального фонда </name>
				<manually>false</manually>
				<lineCode>2220</lineCode>
				<kbk>340</kbk>
				<sum>
					<financialYearSum>0</financialYearSum>
					<planFirstYearSum>0</planFirstYearSum>
					<planLastYearSum>0</planLastYearSum>
				</sum>
			</planPaymentIndex>
			<planPaymentIndex>
				<name> на премирование физических лиц за достижения в области культуры искусства образования науки и техники  а также на предоставление грантов с целью поддержки проектов в области науки культуры и искусства</name>
				<manually>false</manually>
				<lineCode>2230</lineCode>
				<kbk>350</kbk>
				<sum>
					<financialYearSum>0</financialYearSum>
					<planFirstYearSum>0</planFirstYearSum>
					<planLastYearSum>0</planLastYearSum>
				</sum>
			</planPaymentIndex>
			<planPaymentIndex>
				<name> социальное обеспечение детейсирот и детей  оставшихся без попечения родителей</name>
				<manually>false</manually>
				<lineCode>2240</lineCode>
				<kbk>360</kbk>
				<sum>
					<financialYearSum>0</financialYearSum>
					<planFirstYearSum>0</planFirstYearSum>
					<planLastYearSum>0</planLastYearSum>
				</sum>
			</planPaymentIndex>
			<planPaymentIndex>
				<name> уплата налогов сборов и иных платежей всего</name>
				<manually>false</manually>
				<lineCode>2300</lineCode>
				<kbk>850</kbk>
				<sum>
					<financialYearSum>0</financialYearSum>
					<planFirstYearSum>0</planFirstYearSum>
					<planLastYearSum>0</planLastYearSum>
				</sum>
			</planPaymentIndex>
			<planPaymentIndex>
				<name> из них налог на имущество организаций и земельный налог</name>
				<manually>false</manually>
				<lineCode>2310</lineCode>
				<kbk>851</kbk>
				<sum>
					<financialYearSum>0</financialYearSum>
					<planFirstYearSum>0</planFirstYearSum>
					<planLastYearSum>0</planLastYearSum>
				</sum>
			</planPaymentIndex>
			<planPaymentIndex>
				<name> иные налоги включаемые в состав расходов в бюджеты бюджетной системы Российской Федерации а также государственная пошлина</name>
				<manually>false</manually>
				<lineCode>2320</lineCode>
				<kbk>852</kbk>
				<sum>
					<financialYearSum>0</financialYearSum>
					<planFirstYearSum>0</planFirstYearSum>
					<planLastYearSum>0</planLastYearSum>
				</sum>
			</planPaymentIndex>
			<planPaymentIndex>
				<name> уплата штрафов в том числе административных пеней иных платежей</name>
				<manually>false</manually>
				<lineCode>2330</lineCode>
				<kbk>853</kbk>
				<sum>
					<financialYearSum>0</financialYearSum>
					<planFirstYearSum>0</planFirstYearSum>
					<planLastYearSum>0</planLastYearSum>
				</sum>
			</planPaymentIndex>
			<planPaymentIndex>
				<name> безвозмездные перечисления организациям и физическим лицам всего</name>
				<manually>false</manually>
				<lineCode>2400</lineCode>
				<sum>
					<financialYearSum>0</financialYearSum>
					<planFirstYearSum>0</planFirstYearSum>
					<planLastYearSum>0</planLastYearSum>
				</sum>
			</planPaymentIndex>
			<planPaymentIndex>
				<name> из них гранты предоставляемые другим организациям и физическим лицам</name>
				<manually>false</manually>
				<lineCode>2410</lineCode>
				<kbk>810</kbk>
				<sum>
					<financialYearSum>0</financialYearSum>
					<planFirstYearSum>0</planFirstYearSum>
					<planLastYearSum>0</planLastYearSum>
				</sum>
			</planPaymentIndex>
			<planPaymentIndex>
				<name> взносы в международные организации</name>
				<manually>false</manually>
				<lineCode>2420</lineCode>
				<kbk>862</kbk>
				<sum>
					<financialYearSum>0</financialYearSum>
					<planFirstYearSum>0</planFirstYearSum>
					<planLastYearSum>0</planLastYearSum>
				</sum>
			</planPaymentIndex>
			<planPaymentIndex>
				<name> платежи в целях обеспечения реализации соглашений с правительствами иностранных государств и международными организациями</name>
				<manually>false</manually>
				<lineCode>2430</lineCode>
				<kbk>863</kbk>
				<sum>
					<financialYearSum>0</financialYearSum>
					<planFirstYearSum>0</planFirstYearSum>
					<planLastYearSum>0</planLastYearSum>
				</sum>
			</planPaymentIndex>
			<planPaymentIndex>
				<name> прочие выплаты кроме выплат на закупку товаров работ услуг</name>
				<manually>false</manually>
				<lineCode>2500</lineCode>
				<sum>
					<financialYearSum>0</financialYearSum>
					<planFirstYearSum>0</planFirstYearSum>
					<planLastYearSum>0</planLastYearSum>
				</sum>
			</planPaymentIndex>
			<planPaymentIndex>
				<name> исполнение судебных актов Российской Федерации и  мировых соглашений по возмещению вреда причиненного в результате деятельности учреждения</name>
				<manually>false</manually>
				<lineCode>2520</lineCode>
				<kbk>831</kbk>
				<sum>
					<financialYearSum>0</financialYearSum>
					<planFirstYearSum>0</planFirstYearSum>
					<planLastYearSum>0</planLastYearSum>
				</sum>
			</planPaymentIndex>
			<planPaymentIndex>
				<name> расходы на закупку товаров работ услуг всего 7</name>
				<manually>false</manually>
				<lineCode>2600</lineCode>
				<sum>
					<financialYearSum>0</financialYearSum>
					<planFirstYearSum>0</planFirstYearSum>
					<planLastYearSum>0</planLastYearSum>
					<autPlanYearSum>0</autPlanYearSum>
				</sum>
			</planPaymentIndex>
			<planPaymentIndex>
				<name> в том числе закупку научноисследовательских и опытно конструкторских работ</name>
				<manually>false</manually>
				<lineCode>2610</lineCode>
				<kbk>241</kbk>
				<sum>
					<financialYearSum>0</financialYearSum>
					<planFirstYearSum>0</planFirstYearSum>
					<planLastYearSum>0</planLastYearSum>
					<autPlanYearSum>0</autPlanYearSum>
				</sum>
			</planPaymentIndex>
			<planPaymentIndex>
				<name> закупку товаров работ услуг в сфере информационно коммуникационных технологий</name>
				<manually>false</manually>
				<lineCode>2620</lineCode>
				<kbk>242</kbk>
				<sum>
					<financialYearSum>0</financialYearSum>
					<planFirstYearSum>0</planFirstYearSum>
					<planLastYearSum>0</planLastYearSum>
					<autPlanYearSum>0</autPlanYearSum>
				</sum>
			</planPaymentIndex>
			<planPaymentIndex>
				<name> закупку товаров работ услуг в целях капитального ремонта государственного муниципального имущества</name>
				<manually>false</manually>
				<lineCode>2630</lineCode>
				<kbk>243</kbk>
				<sum>
					<financialYearSum>0</financialYearSum>
					<planFirstYearSum>0</planFirstYearSum>
					<planLastYearSum>0</planLastYearSum>
					<autPlanYearSum>0</autPlanYearSum>
				</sum>
			</planPaymentIndex>
			<planPaymentIndex>
				<name> прочую закупку товаров работ и услуг всего из них</name>
				<manually>false</manually>
				<lineCode>2640</lineCode>
				<kbk>244</kbk>
				<sum>
					<financialYearSum>0</financialYearSum>
					<planFirstYearSum>0</planFirstYearSum>
					<planLastYearSum>0</planLastYearSum>
					<autPlanYearSum>0</autPlanYearSum>
				</sum>
			</planPaymentIndex>
			<planPaymentIndex>
				<name> капитальные вложения в объекты государственной муниципальной собственности всего</name>
				<manually>false</manually>
				<lineCode>2650</lineCode>
				<kbk>400</kbk>
				<sum>
					<financialYearSum>0</financialYearSum>
					<planFirstYearSum>0</planFirstYearSum>
					<planLastYearSum>0</planLastYearSum>
					<autPlanYearSum>0</autPlanYearSum>
				</sum>
			</planPaymentIndex>
			<planPaymentIndex>
				<name> в том числе приобретение объектов недвижимого имущества государственными муниципальными учреждения</name>
				<manually>false</manually>
				<lineCode>2651</lineCode>
				<kbk>406</kbk>
				<sum>
					<financialYearSum>0</financialYearSum>
					<planFirstYearSum>0</planFirstYearSum>
					<planLastYearSum>0</planLastYearSum>
					<autPlanYearSum>0</autPlanYearSum>
				</sum>
			</planPaymentIndex>
			<planPaymentIndex>
				<name> строительство реконструкция объектов недвижимого имущества государственными муниципальными учреждениями</name>
				<manually>false</manually>
				<lineCode>2652</lineCode>
				<kbk>407</kbk>
				<sum>
					<financialYearSum>0</financialYearSum>
					<planFirstYearSum>0</planFirstYearSum>
					<planLastYearSum>0</planLastYearSum>
					<autPlanYearSum>0</autPlanYearSum>
				</sum>
			</planPaymentIndex>
			<planPaymentIndex>
				<name>Выплаты уменьшающие доход всего 8</name>
				<manually>false</manually>
				<lineCode>3000</lineCode>
				<kbk>100</kbk>
				<sum>
					<financialYearSum>0</financialYearSum>
					<planFirstYearSum>0</planFirstYearSum>
					<planLastYearSum>0</planLastYearSum>
				</sum>
			</planPaymentIndex>
			<planPaymentIndex>
				<name> в том числе налог на прибыль 8  </name>
				<manually>false</manually>
				<lineCode>3010</lineCode>
				<kbk>189</kbk>
				<sum>
					<financialYearSum>0</financialYearSum>
					<planFirstYearSum>0</planFirstYearSum>
					<planLastYearSum>0</planLastYearSum>
				</sum>
			</planPaymentIndex>
			<planPaymentIndex>
				<name> налог н адобавленную стоимость 8</name>
				<manually>false</manually>
				<lineCode>3020</lineCode>
				<kbk>189</kbk>
				<sum>
					<financialYearSum>0</financialYearSum>
					<planFirstYearSum>0</planFirstYearSum>
					<planLastYearSum>0</planLastYearSum>
				</sum>
			</planPaymentIndex>
			<planPaymentIndex>
				<name> прочие налоги уменьшающие доход 8</name>
				<manually>false</manually>
				<lineCode>3030</lineCode>
				<kbk>111</kbk>
				<sum>
					<financialYearSum>0</financialYearSum>
					<planFirstYearSum>0</planFirstYearSum>
					<planLastYearSum>0</planLastYearSum>
				</sum>
			</planPaymentIndex>
			<planPaymentIndex>
				<name>Прочие выплаты всего 9</name>
				<manually>false</manually>
				<lineCode>4000</lineCode>
				<sum>
					<financialYearSum>0</financialYearSum>
					<planFirstYearSum>0</planFirstYearSum>
					<planLastYearSum>0</planLastYearSum>
				</sum>
			</planPaymentIndex>
			<planPaymentIndex>
				<name> из них возврат в бюджет средств субсидии</name>
				<manually>false</manually>
				<lineCode>4010</lineCode>
				<kbk>610</kbk>
				<sum>
					<financialYearSum>0</financialYearSum>
					<planFirstYearSum>0</planFirstYearSum>
					<planLastYearSum>0</planLastYearSum>
				</sum>
			</planPaymentIndex>
			<planPaymentTRU>
				<name>Выплаты на закупку товаров работ услуг всего 11</name>
				<manually>false</manually>
				<lineCode></lineCode>
				<kbk></kbk>
				<sum>
					<financialYearSum>0</financialYearSum>
					<planFirstYearSum>0</planFirstYearSum>
					<planLastYearSum>0</planLastYearSum>
					<autPlanYearSum>0</autPlanYearSum>
				</sum>
			</planPaymentTRU>
			<planPaymentTRU>
				<name> в том числе по контрактам договорам заключенным до начала текущего финансового года без применения норм Федерального закона от 5 апреля 2013 г N 44ФЗ О контрактной системе в сфере закупок товаров работ услуг для обеспечения государственных и муниципальных нужд Собрание законодательства Российской Федерации 2013 N 14 ст 1652 2018 N 32 ст 5104 далее  Федеральный закон N 44ФЗ и Федерального закона от 18 июля 2011 г N 223ФЗ О закупках товаров  работ услуг отдельными видами юридических лиц Собрание законодательства Российской Федерации 2011 N 30 ст 4571 2018 N 32 ст 5135 далее  Федеральный закон N 223ФЗ 12</name>
				<manually>false</manually>
				<lineCode></lineCode>
				<kbk></kbk>
				<sum>
					<financialYearSum>0</financialYearSum>
					<planFirstYearSum>0</planFirstYearSum>
					<planLastYearSum>0</planLastYearSum>
					<autPlanYearSum>0</autPlanYearSum>
				</sum>
			</planPaymentTRU>
			<planPaymentTRU>
				<name> по контрактам договорам планируемым к заключению в соответствующем финансовом году без применения норм Федерального закона N 44ФЗ и Федерального закона N 223ФЗ 12</name>
				<manually>false</manually>
				<lineCode></lineCode>
				<kbk></kbk>
				<sum>
					<financialYearSum>0</financialYearSum>
					<planFirstYearSum>0</planFirstYearSum>
					<planLastYearSum>0</planLastYearSum>
					<autPlanYearSum>0</autPlanYearSum>
				</sum>
			</planPaymentTRU>
			<planPaymentTRU>
				<name> по контрактам договорам заключенным до начала текущего финансового года с учетом требований Федерального закона N 44ФЗ и Федерального закона N 223ФЗ 13</name>
				<manually>false</manually>
				<lineCode></lineCode>
				<kbk></kbk>
				<sum>
					<financialYearSum>0</financialYearSum>
					<planFirstYearSum>0</planFirstYearSum>
					<planLastYearSum>0</planLastYearSum>
					<autPlanYearSum>0</autPlanYearSum>
				</sum>
			</planPaymentTRU>
			<planPaymentTRU>
				<name> по контрактам договорам планируемым к заключению в соответствующем финансовом году с учетом требований Федерального закона N 44ФЗ и Федерального закона N 223ФЗ 13</name>
				<manually>false</manually>
				<lineCode></lineCode>
				<kbk></kbk>
				<sum>
					<financialYearSum>0</financialYearSum>
					<planFirstYearSum>0</planFirstYearSum>
					<planLastYearSum>0</planLastYearSum>
					<autPlanYearSum>0</autPlanYearSum>
				</sum>
			</planPaymentTRU>
			<planPaymentTRU>
				<name> в том числе за счет субсидий предоставляемых на финансовое  обеспечение выполнения государственного  муниципального задания</name>
				<manually>false</manually>
				<lineCode></lineCode>
				<kbk></kbk>
				<sum>
					<financialYearSum>0</financialYearSum>
					<planFirstYearSum>0</planFirstYearSum>
					<planLastYearSum>0</planLastYearSum>
					<autPlanYearSum>0</autPlanYearSum>
				</sum>
			</planPaymentTRU>
			<planPaymentTRU>
				<name> в том числе в соответствии с Федеральным законом N 44ФЗ</name>
				<manually>false</manually>
				<lineCode></lineCode>
				<kbk></kbk>
				<sum>
					<financialYearSum>0</financialYearSum>
					<planFirstYearSum>0</planFirstYearSum>
					<planLastYearSum>0</planLastYearSum>
					<autPlanYearSum>0</autPlanYearSum>
				</sum>
			</planPaymentTRU>
			<planPaymentTRU>
				<name> в соответствии с Федеральным законом N 223ФЗ 14</name>
				<manually>false</manually>
				<lineCode></lineCode>
				<kbk></kbk>
				<sum>
					<financialYearSum>0</financialYearSum>
					<planFirstYearSum>0</planFirstYearSum>
					<planLastYearSum>0</planLastYearSum>
					<autPlanYearSum>0</autPlanYearSum>
				</sum>
			</planPaymentTRU>
			<planPaymentTRU>
				<name> за счет субсидий предоставляемых в соответствии с  абзацем вторым пункта 1 статьи 781 Бюджетного  кодекса Российской Федерации</name>
				<manually>false</manually>
				<lineCode></lineCode>
				<kbk></kbk>
				<sum>
					<financialYearSum>0</financialYearSum>
					<planFirstYearSum>0</planFirstYearSum>
					<planLastYearSum>0</planLastYearSum>
					<autPlanYearSum>0</autPlanYearSum>
				</sum>
			</planPaymentTRU>
			<planPaymentTRU>
				<name> в том числе в соответствии с Федеральным законом N 44ФЗ</name>
				<manually>false</manually>
				<lineCode></lineCode>
				<kbk></kbk>
				<sum>
					<financialYearSum>0</financialYearSum>
					<planFirstYearSum>0</planFirstYearSum>
					<planLastYearSum>0</planLastYearSum>
					<autPlanYearSum>0</autPlanYearSum>
				</sum>
			</planPaymentTRU>
			<planPaymentTRU>
				<name> в соответствии с Федеральным законом N 223ФЗ 14</name>
				<manually>false</manually>
				<lineCode></lineCode>
				<kbk></kbk>
				<sum>
					<financialYearSum>0</financialYearSum>
					<planFirstYearSum>0</planFirstYearSum>
					<planLastYearSum>0</planLastYearSum>
					<autPlanYearSum>0</autPlanYearSum>
				</sum>
			</planPaymentTRU>
			<planPaymentTRU>
				<name> за счет субсидий предоставляемых на осуществление  капитальных вложений 15</name>
				<manually>false</manually>
				<lineCode></lineCode>
				<kbk></kbk>
				<sum>
					<financialYearSum>0</financialYearSum>
					<planFirstYearSum>0</planFirstYearSum>
					<planLastYearSum>0</planLastYearSum>
					<autPlanYearSum>0</autPlanYearSum>
				</sum>
			</planPaymentTRU>
			<planPaymentTRU>
				<name> за счет средств обязательного медицинского  страхования</name>
				<manually>false</manually>
				<lineCode></lineCode>
				<kbk></kbk>
				<sum>
					<financialYearSum>0</financialYearSum>
					<planFirstYearSum>0</planFirstYearSum>
					<planLastYearSum>0</planLastYearSum>
					<autPlanYearSum>0</autPlanYearSum>
				</sum>
			</planPaymentTRU>
			<planPaymentTRU>
				<name> в том числе в соответствии с Федеральным законом N 44ФЗ</name>
				<manually>false</manually>
				<lineCode></lineCode>
				<kbk></kbk>
				<sum>
					<financialYearSum>0</financialYearSum>
					<planFirstYearSum>0</planFirstYearSum>
					<planLastYearSum>0</planLastYearSum>
					<autPlanYearSum>0</autPlanYearSum>
				</sum>
			</planPaymentTRU>
			<planPaymentTRU>
				<name> в соответствии с Федеральным законом N 223ФЗ 14</name>
				<manually>false</manually>
				<lineCode></lineCode>
				<kbk></kbk>
				<sum>
					<financialYearSum>0</financialYearSum>
					<planFirstYearSum>0</planFirstYearSum>
					<planLastYearSum>0</planLastYearSum>
					<autPlanYearSum>0</autPlanYearSum>
				</sum>
			</planPaymentTRU>
			<planPaymentTRU>
				<name> за счет прочих источников финансового обеспечения</name>
				<manually>false</manually>
				<lineCode></lineCode>
				<kbk></kbk>
				<sum>
					<financialYearSum>0</financialYearSum>
					<planFirstYearSum>0</planFirstYearSum>
					<planLastYearSum>0</planLastYearSum>
					<autPlanYearSum>0</autPlanYearSum>
				</sum>
			</planPaymentTRU>
			<planPaymentTRU>
				<name> в том числе в соответствии с Федеральным законом N 44ФЗ</name>
				<manually>false</manually>
				<lineCode></lineCode>
				<kbk></kbk>
				<sum>
					<financialYearSum>0</financialYearSum>
					<planFirstYearSum>0</planFirstYearSum>
					<planLastYearSum>0</planLastYearSum>
					<autPlanYearSum>0</autPlanYearSum>
				</sum>
			</planPaymentTRU>
			<planPaymentTRU>
				<name> в соответствии с Федеральным законом N 223ФЗ</name>
				<manually>false</manually>
				<lineCode></lineCode>
				<kbk></kbk>
				<sum>
					<financialYearSum>0</financialYearSum>
					<planFirstYearSum>0</planFirstYearSum>
					<planLastYearSum>0</planLastYearSum>
					<autPlanYearSum>0</autPlanYearSum>
				</sum>
			</planPaymentTRU>
			<planPaymentTRU>
				<name>Итого по контрактам планируемым к заключению в соответствующем финансовом году в соответствии с Федеральным законом N 44ФЗ по соответствующему году закупки 16</name>
				<manually>false</manually>
				<lineCode></lineCode>
				<kbk></kbk>
				<sum>
					<financialYearSum>0</financialYearSum>
					<planFirstYearSum>0</planFirstYearSum>
					<planLastYearSum>0</planLastYearSum>
					<autPlanYearSum>0</autPlanYearSum>
				</sum>
			</planPaymentTRU>
			<planPaymentTRU>
				<name> в том числе по году начала закупки</name>
				<manually>false</manually>
				<lineCode></lineCode>
				<kbk></kbk>
				<sum>
					<financialYearSum>0</financialYearSum>
					<planFirstYearSum>0</planFirstYearSum>
					<planLastYearSum>0</planLastYearSum>
					<autPlanYearSum>0</autPlanYearSum>
				</sum>
			</planPaymentTRU>
		</ns2:position>
	</ns2:body>
</ns2:financialActivityPlan2020>
